Quarterly Business Report - Q4 2024,
,
Company: TechCorp Solutions,
Report Period: October - December 2024,
Prepared by: Finance Department,
Date: January 10 2025,
,
,
EXECUTIVE SUMMARY,
,
This report provides a comprehensive overview of TechCorp Solutions performance during the fourth quarter of 2024. The company achieved significant growth across all major business segments despite challenging market conditions.,
,
Key achievements include a 23% increase in revenue compared to Q3 and successful expansion into three new international markets. Customer satisfaction scores reached an all-time high of 94%.,
,
,
FINANCIAL HIGHLIGHTS,
,
Total Revenue: $45.2 Million,
Operating Income: $8.7 Million,
Net Profit Margin: 19.3%,
Year-over-Year Growth: 31%,
,
The Electronics division contributed 62% of total revenue while the Furniture segment showed the highest growth rate at 45% compared to the previous quarter.,
,
,
REGIONAL PERFORMANCE,
,
North America remains our strongest market with $22.1M in revenue. Europe showed remarkable recovery with $14.8M representing a 28% quarterly increase. Asia Pacific continues to expand rapidly reaching $8.3M.,
,
,
STRATEGIC INITIATIVES,
,
During Q4 we launched three major initiatives:,
,
1. Digital Transformation Program - Modernizing our e-commerce platform with AI-powered recommendations,
,
2. Sustainability Initiative - Achieved carbon-neutral operations in all North American facilities,
,
3. Customer Experience Enhancement - Implemented 24/7 support across all regions,
,
,
OUTLOOK FOR 2025,
,
Management expects continued growth momentum into Q1 2025. Key focus areas include:,
,
- Expansion into South American markets,
- Launch of new product lines in smart home category,
- Investment in manufacturing automation,
- Strengthening partnerships with key suppliers,
,
,
RISKS AND CHALLENGES,
,
The company faces several challenges including supply chain disruptions currency fluctuations and increased competition in the mid-market segment. Management has implemented mitigation strategies including diversified sourcing and hedging programs.,
,
,
Note: This report contains forward-looking statements. Actual results may vary.,
Source: Internal financial systems and market analysis tools.,
